"suffix","n","GEOID"
"St",142,"31039"
"Rd",156,"53069"
"Rd",201,"35011"
"St",859,"31109"
"St",135,"31129"
"Ave",675,"46099"
"Rd",87,"48327"
"Rd",181,"06091"
"Rd",365,"21053"
"Dr",337,"39063"
"St",250,"48189"
"Rd",379,"01027"
"St",78,"48011"
"Rd",337,"39003"
"Rd",197,"13189"
"Rd",627,"55111"
"Rd",347,"05137"
"Rd",242,"41063"
"Dr",770,"42007"
"St",58,"28061"
"Rd",506,"29083"
"Trl",130,"08109"
"Rd",934,"37037"
"Cir",95,"49033"
"Rd",491,"40001"
"Dr",989,"39085"
"St",147,"51775"
"Rd",424,"51121"
"Dr",1510,"47065"
"Rd",566,"35035"
"Rd",249,"35003"
"Rd",205,"01091"
"Rd",257,"56023"
"Ln",128,"29011"
"St",259,"48057"
"Dr",76,"51735"
"Rd",312,"54075"
"Rd",330,"48077"
"Ct",268,"51095"
"St",146,"31101"
"St",88,"31137"
"St",1182,"22019"
"Rd",907,"22111"
"Rd",833,"40135"
"Rd",203,"01049"
"Rd",1442,"36101"
"Rd",312,"42053"
"Rd",1157,"22105"
"Ln",719,"51179"
"Rd",335,"26109"
"St",222,"18073"
"Rd",412,"13025"
"Rd",201,"13171"
"Lake",348,"18151"
"St",875,"48361"
"Rd",147,"39047"
"Rd",730,"25015"
"Rd",410,"21003"
"Dr",893,"37001"
"St",313,"20073"
"St",2437,"25025"
"Rd",109,"16051"
"St",197,"48177"
"Rd",489,"47115"
"Rd",410,"26007"
"Rd",600,"21231"
"Rd",506,"47185"
"St",363,"48147"
"St",224,"20043"
"Rd",479,"48265"
"Ave",879,"12053"
"Rd",372,"12129"
"Rd",902,"12131"
"St",132,"28017"
"Rd",105,"02130"
"Rd",360,"26035"
"St",95,"20157"
"Dr",2133,"12127"
"Dr",537,"40017"
"St",295,"13115"
"Rd",152,"32001"
"St",113,"31181"
"St",350,"17067"
"St",210,"46067"
"Rd",488,"41013"
"Rd",761,"50011"
"Rd",494,"26103"
"Dr",1184,"37057"
"Dr",208,"17025"
"St",113,"29103"
"St",207,"29117"
"Rd",951,"42117"
"St",208,"31043"
"Rd",505,"26089"
"Rd",92,"51181"
"St",165,"48391"
"Dr",1676,"39017"
"Rd",181,"13273"
"Dr",1025,"13063"
"Rd",451,"56013"
"Rd",78,"18115"
"Dr",665,"13073"
"St",45,"08115"
"Rd",244,"30065"
"Rd",1027,"42043"
"St",118,"46101"
"Dr",416,"54079"
"Rd",1012,"34037"
"Ave",69,"20039"
"Rd",383,"18123"
"Dr",109,"28145"
"St",114,"31015"
"St",215,"27095"
"St",98,"38099"
"Rd",384,"39115"
"Dr",635,"39133"
"Rd",141,"56041"
"Rd",261,"32013"
"Rd",78,"48247"
"St",19,"08017"
"Rd",1496,"41005"
"Ln",679,"05113"
"Rd",275,"13193"
"St",180,"18007"
"Rd",611,"47129"
"St",82,"46043"
"Rd",470,"24047"
"St",112,"17185"
"St",283,"18069"
"Dr",249,"21209"
"St",297,"19053"
"St",294,"18169"
"Dr",1714,"18003"
"St",358,"18099"
"St",32,"31171"
"St",66,"38085"
"St",177,"48127"
"St",255,"27045"
"Rd",559,"45023"
"Ave",114,"27073"
"Dr",150,"49005"
"St",478,"55093"
"Rd",270,"13049"
"Rd",437,"13233"
"St",752,"17113"
"Rd",780,"23001"
"Rd",1270,"16055"
"St",9624,"32003"
"St",124,"20147"
"St",223,"31089"
"Rd",671,"29101"
"Rd",547,"55063"
"Rd",421,"22021"
"Rd",386,"21061"
"St",270,"17005"
"St",90,"17009"
"St",131,"27085"
"St",428,"55033"
"Rd",186,"08027"
"St",85,"29123"
"St",198,"48353"
"Rd",998,"42127"
"Rd",1036,"36091"
"Dr",820,"48041"
"Rd",451,"40095"
"St",454,"24001"
"Rd",235,"54103"
"Rd",723,"55053"
"Rd",499,"41007"
"Rd",955,"53041"
"Rd",971,"36003"
"St",246,"19031"
"St",267,"18117"
"Dr",1791,"13089"
"Rd",406,"13227"
"Rd",308,"30015"
"St",81,"31017"
"Ln",818,"47013"
"Dr",546,"37069"
"Ave",1100,"24510"
"St",206,"20111"
"St",266,"19027"
"Rd",127,"22107"
"Rd",646,"47123"
"St",59,"20075"
"St",177,"19151"
"Rd",102,"16045"
"Ln",474,"05063"
"Rd",529,"05085"
"St",216,"18111"
"Rd",455,"13119"
"St",280,"12051"
"Rd",49,"13265"
"St",879,"48245"
"Rd",144,"30059"
"Dr",439,"08067"
"Dr",2047,"48027"
"Rd",584,"28069"
"Rd",669,"05019"
"St",516,"41035"
"Rd",715,"36075"
"St",123,"01019"
"Rd",404,"48019"
"Rd",202,"30087"
"Rd",273,"35059"
"Rd",305,"26153"
"Rd",1749,"36111"
"Ave",1401,"34007"
"Rd",286,"17083"
"Ln",756,"51085"
"St",46,"20199"
"Rd",469,"26003"
"Ln",449,"05049"
"St",2560,"48215"
"Rd",1364,"37155"
"St",452,"26123"
"Rd",215,"41049"
"St",192,"27153"
"Rd",352,"05083"
"Ln",857,"37109"
"St",279,"05091"
"Dr",3735,"12095"
"St",42,"08111"
"Rd",125,"16041"
"Rd",673,"13045"
"Dr",326,"20161"
"St",64,"48413"
"Rd",300,"51167"
"Ln",683,"37027"
"Rd",138,"16065"
"Rd",945,"21001"
"Rd",80,"21077"
"Rd",203,"21097"
"Rd",513,"23023"
"Rd",101,"30097"
"Rd",922,"48181"
"Rd",741,"42059"
"St",80,"02188"
"St",190,"20051"
"Rd",270,"01065"
"Rd",222,"01105"
"St",389,"01033"
"St",219,"20151"
"Rd",127,"21017"
"Dr",1489,"47149"
"Rd",255,"13075"
"St",48,"20101"
"Rd",200,"40059"
"St",329,"17147"
"Rd",52,"48107"
"Rd",140,"01063"
"Rd",109,"16033"
"St",296,"19109"
"St",58,"38013"
"Dr",1193,"37063"
"St",254,"19085"
"Ave",68,"31103"
"St",302,"19187"
"Rd",151,"17151"
"Ln",549,"47159"
"Dr",637,"51089"
"St",238,"51510"
"St",221,"19101"
"Rd",677,"30049"
"Rd",251,"49013"
"Rd",324,"40003"
"St",62,"48119"
"Ln",140,"47169"
"Ln",544,"21193"
"St",78,"46039"
"Rd",748,"41029"
"St",170,"48507"
"Rd",13,"31007"
"St",224,"19121"
"Dr",1147,"12011"
"Rd",457,"13279"
"Rd",543,"26151"
"Dr",824,"48397"
"St",3486,"26163"
"Ave",185,"27105"
"Ln",312,"27001"
"St",65,"38071"
"Rd",697,"37145"
"Ave",54,"20195"
"St",474,"28151"
"St",331,"48133"
"Rd",144,"28055"
"Rd",400,"48123"
"Rd",783,"48005"
"Rd",491,"45081"
"St",40,"29125"
"Ln",377,"05001"
"St",341,"29109"
"St",132,"51540"
"St",847,"17011"
"Rd",609,"39145"
"Rd",674,"37115"
"Rd",106,"16053"
"Rd",335,"39163"
"Dr",1181,"48309"
"Rd",223,"16037"
"St",127,"19089"
"Dr",2790,"12099"
"Rd",172,"13181"
"Rd",423,"01013"
"Dr",786,"47165"
"Rd",195,"51097"
"Rd",263,"05015"
"Ave",120,"51820"
"St",85,"02220"
"Ave",1140,"41051"
"Rd",368,"47061"
"Dr",474,"27057"
"St",29,"38081"
"Rd",1305,"36089"
"Rd",47,"29179"
"Ct",5601,"06067"
"St",198,"39125"
"St",195,"18179"
"Rd",18,"51063"
"Rd",928,"06083"
"Rd",398,"54005"
"Rd",249,"28009"
"Rd",377,"21055"
"St",173,"19147"
"St",180,"19159"
"Rd",1144,"37151"
"Rd",661,"24015"
"St",122,"18171"
"St",105,"31077"
"St",153,"31095"
"St",192,"31151"
"Rd",387,"21119"
"St",255,"19045"
"St",146,"27063"
"St",157,"27039"
"Ave",281,"27047"
"Rd",675,"06009"
"Rd",2912,"25001"
"Rd",197,"51119"
"Rd",845,"42065"
"St",950,"18089"
"Rd",412,"47003"
"Rd",417,"47027"
"St",258,"17029"
"Rd",340,"47097"
"Rd",373,"41001"
"Rd",459,"36097"
"St",500,"26159"
"St",287,"17131"
"Rd",455,"21127"
"Rd",772,"21175"
"Ln",392,"21177"
"St",449,"17049"
"Rd",390,"47105"
"St",3117,"15003"
"St",192,"12041"
"Dr",720,"18157"
"Rd",503,"42109"
"St",214,"48277"
"St",1452,"12086"
"St",47,"31057"
"St",187,"48289"
"Rd",278,"08097"
"St",234,"38035"
"St",518,"18091"
"Dr",1867,"18057"
"St",92,"51595"
"Rd",530,"40081"
"St",36,"20071"
"Rd",301,"13145"
"Rd",313,"13251"
"St",39,"48433"
"St",221,"39069"
"Rd",1883,"33009"
"Ln",602,"29145"
"Rd",360,"18129"
"Rd",78,"48311"
"St",126,"17035"
"Dr",406,"13297"
"St",213,"27121"
"Ln",414,"51157"
"Rd",415,"51009"
"Ct",1888,"06111"
"St",389,"17033"
"Rd",679,"08093"
"Ave",7693,"06037"
"St",589,"04027"
"Dr",178,"13129"
"St",205,"19025"
"Rd",1178,"12055"
"Ave",79,"51580"
"Rd",854,"50017"
"St",305,"20113"
"Dr",2514,"04021"
"St",197,"39051"
"Dr",98,"08003"
"Pt",1028,"12017"
"Rd",403,"47041"
"Rd",729,"42031"
"St",113,"46097"
"Ave",60,"46073"
"St",175,"18031"
"St",292,"18037"
"Rd",233,"51057"
"Rd",550,"45089"
"Rd",723,"36031"
"St",138,"19195"
"Rd",367,"40063"
"Rd",1070,"51027"
"Rd",160,"51005"
"Rd",527,"28087"
"Rd",194,"18143"
"St",143,"08099"
"St",86,"48435"
"St",534,"40101"
"Rd",696,"29043"
"Rd",613,"28073"
"St",211,"18137"
"Dr",40,"38057"
"Rd",575,"13147"
"Rd",464,"22049"
"Ln",325,"51133"
"Ln",3872,"48157"
"St",217,"55047"
"Rd",233,"30073"
"Rd",637,"55127"
"St",101,"32021"
"Rd",675,"17057"
"Ln",2855,"36103"
"Rd",124,"18161"
"Ln",462,"29119"
"Dr",219,"31157"
"Rd",331,"35047"
"Dr",443,"01081"
"Ct",711,"48367"
"Ave",59,"38021"
"St",49,"38003"
"St",183,"27143"
"Rd",277,"13293"
"Rd",1682,"06097"
"Rd",860,"26033"
"Dr",649,"16019"
"Dr",374,"13013"
"Rd",207,"13183"
"St",96,"48271"
"Rd",332,"40115"
"Rd",1434,"42033"
"Rd",339,"26037"
"St",470,"17135"
"St",161,"28003"
"Dr",213,"28071"
"Rd",424,"22043"
"St",203,"29005"
"Dr",546,"17115"
"Rd",540,"26149"
"St",703,"17055"
"Rd",114,"30033"
"Ave",251,"31001"
"St",46,"27109"
"Ave",754,"34039"
"Dr",2083,"01097"
"St",106,"46087"
"Rd",266,"01057"
"St",192,"01017"
"St",225,"37131"
"St",97,"08081"
"Rd",559,"21087"
"Rd",371,"18047"
"Rd",571,"37013"
"Dr",456,"38015"
"Rd",904,"37159"
"Rd",446,"26071"
"St",71,"27067"
"Rd",336,"21237"
"Rd",449,"48149"
"Rd",361,"46081"
"Rd",1115,"23029"
"St",30,"48045"
"Rd",272,"26131"
"Rd",126,"28015"
"Pl",361,"41003"
"St",197,"27133"
"Rd",1058,"42063"
"Rd",453,"22061"
"Rd",518,"42099"
"Rd",27,"46137"
"Rd",576,"48203"
"Rd",391,"26013"
"Rd",718,"40131"
"Dr",1185,"29019"
"St",252,"40015"
"Dr",1018,"08059"
"Rd",552,"54011"
"Rd",96,"48383"
"Rd",554,"05141"
"Rd",319,"08117"
"Rd",292,"20035"
"Rd",266,"05071"
"Rd",366,"36041"
"Rd",101,"51045"
"St",188,"48083"
"Rd",211,"02290"
"Rd",1004,"04017"
"St",165,"28085"
"St",76,"48357"
"St",85,"48103"
"St",107,"56003"
"Rd",568,"47081"
"Rd",193,"28143"
"St",296,"29081"
"Dr",478,"18005"
"Dr",720,"13223"
"Rd",532,"39015"
"Rd",718,"47141"
"St",107,"38101"
"Rd",2845,"25027"
"St",312,"39091"
"Ave",469,"06031"
"Dr",4375,"06073"
"Rd",179,"13079"
"St",725,"29037"
"Rd",1500,"36027"
"Ln",351,"48477"
"Dr",1116,"08101"
"Ave",70,"29067"
"St",82,"38009"
"Dr",2236,"37051"
"Rd",90,"56017"
"Rd",382,"26001"
"Ct",2475,"06061"
"Rd",370,"05129"
"St",58,"48305"
"Rd",536,"37153"
"Rd",359,"37093"
"St",157,"31131"
"Rd",217,"42023"
"Ln",779,"45035"
"St",149,"27161"
"St",140,"46015"
"Rd",562,"47177"
"St",392,"17023"
"Rd",85,"21201"
"Rd",99,"47095"
"Ln",2233,"45015"
"Ln",1046,"05051"
"St",349,"20139"
"Rd",446,"39155"
"St",70,"48333"
"St",68,"48359"
"Ln",1330,"42019"
"Rd",647,"16049"
"St",280,"20115"
"Rd",297,"51029"
"Dr",690,"37025"
"Rd",422,"29225"
"Dr",667,"49011"
"Ave",110,"27033"
"St",301,"12093"
"Rd",820,"13291"
"St",510,"19013"
"Dr",368,"48403"
"Rd",377,"39131"
"Dr",1312,"01125"
"Rd",282,"01131"
"Rd",191,"28097"
"St",102,"31099"
"St",88,"31087"
"Dr",1878,"10003"
"Rd",216,"16081"
"Ct",261,"17161"
"Ln",563,"51073"
"Rd",267,"05133"
"St",337,"18017"
"Rd",254,"16077"
"St",224,"18015"
"St",1990,"42101"
"Rd",103,"56043"
"Rd",105,"37029"
"Rd",657,"36109"
"Rd",706,"05069"
"Rd",185,"05079"
"Rd",608,"55123"
"Rd",174,"29093"
"St",204,"48223"
"Rd",936,"36001"
"St",221,"48225"
"Rd",363,"39111"
"St",82,"20165"
"St",264,"18107"
"St",39,"20187"
"Rd",381,"21129"
"Rd",102,"27071"
"Dr",4291,"48029"
"Ct",941,"08013"
"Rd",554,"47089"
"Rd",546,"40097"
"Ave",75,"27165"
"Rd",311,"16013"
"Rd",398,"22053"
"Ave",73,"46119"
"St",657,"08031"
"Rd",233,"40029"
"Rd",123,"30011"
"St",64,"48461"
"St",326,"18051"
"St",96,"31105"
"Ct",469,"17093"
"St",19,"11001"
"Rd",613,"08085"
"St",166,"27171"
"Ave",364,"55059"
"Rd",387,"08037"
"St",963,"06075"
"Rd",270,"08113"
"Cir",1338,"02020"
"Dr",908,"12109"
"Rd",325,"28019"
"St",349,"29079"
"Rd",460,"26085"
"Dr",1302,"26139"
"Dr",3168,"17031"
"Rd",171,"17059"
"Rd",501,"45047"
"St",226,"20059"
"St",101,"27027"
"Rd",364,"47075"
"Rd",365,"49003"
"St",112,"28139"
"Rd",171,"54051"
"Rd",463,"54035"
"Rd",383,"16039"
"Rd",3090,"24005"
"Ave",49,"38005"
"St",213,"29163"
"Rd",330,"39087"
"St",395,"29201"
"Rd",578,"39001"
"St",193,"48143"
"Rd",531,"13137"
"Rd",226,"13319"
"Rd",584,"54061"
"St",259,"39033"
"Ave",446,"12027"
"Rd",557,"39059"
"Dr",566,"26015"
"Ln",864,"29209"
"St",670,"51760"
"Rd",1119,"37169"
"St",167,"19039"
"St",270,"19065"
"Ct",775,"06041"
"Dr",495,"48381"
"St",435,"48401"
"St",342,"19181"
"Rd",287,"39161"
"Rd",179,"12043"
"Rd",386,"13199"
"Rd",471,"08023"
"St",295,"48099"
"St",187,"19001"
"Rd",149,"13053"
"Rd",457,"06043"
"St",153,"29089"
"St",478,"41047"
"Ave",674,"55079"
"Dr",270,"27139"
"Rd",318,"39129"
"Rd",197,"51145"
"Dr",173,"08014"
"Rd",624,"47099"
"Rd",456,"26009"
"Rd",381,"45069"
"Rd",261,"16009"
"Rd",345,"17103"
"St",102,"31127"
"Dr",585,"37031"
"Rd",425,"20149"
"Dr",716,"26075"
"Dr",965,"48091"
"Rd",200,"25019"
"Rd",343,"45009"
"St",259,"48007"
"Rd",502,"13019"
"St",265,"18165"
"Dr",475,"26143"
"Ln",479,"37005"
"Rd",436,"06035"
"St",67,"51610"
"Dr",614,"12081"
"Rd",607,"39119"
"St",152,"08015"
"Ave",47,"08025"
"St",221,"08043"
"Rd",1052,"28109"
"Rd",378,"28111"
"St",183,"31041"
"Rd",444,"12013"
"Dr",693,"21117"
"St",186,"19037"
"St",495,"17037"
"St",160,"19081"
"St",102,"38089"
"Rd",214,"26095"
"Rd",576,"40019"
"Dr",256,"37139"
"Rd",745,"35055"
"Rd",467,"28011"
"St",770,"32023"
"Rd",714,"47073"
"Rd",43,"38011"
"Rd",329,"42057"
"Dr",1583,"22055"
"Rd",267,"48237"
"St",122,"17175"
"St",110,"40055"
"St",65,"48211"
"Rd",374,"16069"
"Ave",78,"46129"
"Ct",491,"06055"
"St",90,"40033"
"Rd",775,"29221"
"Rd",690,"36011"
"St",86,"48417"
"Rd",474,"48407"
"St",472,"19061"
"Rd",302,"51075"
"St",62,"20181"
"Rd",621,"39139"
"St",577,"17001"
"Rd",279,"39021"
"Rd",888,"33019"
"Rd",494,"17075"
"St",228,"19157"
"Rd",412,"39169"
"Ct",495,"13113"
"Rd",319,"13141"
"Rd",284,"48259"
"Rd",924,"36039"
"Rd",373,"51137"
"Rd",392,"40089"
"Rd",409,"13277"
"St",298,"31025"
"St",131,"46077"
"Rd",189,"56009"
"Rd",860,"36043"
"St",13,"38047"
"Rd",399,"26053"
"Rd",464,"27005"
"Rd",333,"47173"
"Rd",221,"54057"
"Rd",562,"55003"
"St",239,"17053"
"St",43,"38029"
"Ln",1277,"06089"
"Rd",988,"22113"
"Rd",307,"05121"
"Rd",1039,"55085"
"Rd",134,"22035"
"Ln",183,"22037"
"Dr",246,"22087"
"St",489,"48481"
"St",110,"02198"
"St",64,"02195"
"St",183,"48153"
"St",37,"02275"
"Dr",656,"21151"
"Dr",841,"47009"
"Rd",894,"30031"
"Dr",872,"45031"
"Rd",463,"01053"
"Rd",412,"13143"
"St",335,"20001"
"St",282,"17041"
"Rd",218,"51079"
"Rd",172,"55137"
"Rd",208,"05065"
"Rd",964,"06053"
"Rd",532,"35017"
"Rd",590,"29131"
"Rd",1037,"37193"
"St",171,"02110"
"St",425,"29165"
"St",451,"29021"
"Rd",535,"01083"
"St",301,"18065"
"St",83,"31143"
"Dr",428,"39123"
"St",75,"27107"
"St",164,"19165"
"Dr",1336,"24013"
"St",186,"19011"
"Rd",316,"21159"
"Ave",330,"27025"
"Rd",331,"21189"
"Rd",1388,"42015"
"St",268,"54029"
"Dr",501,"29051"
"Dr",677,"26021"
"Ln",826,"42061"
"Rd",156,"31045"
"Rd",350,"51141"
"Rd",361,"26119"
"Rd",350,"26135"
"Rd",286,"35007"
"Dr",1745,"17163"
"Rd",352,"17189"
"Rd",1332,"42009"
"Rd",472,"05127"
"St",215,"20099"
"Rd",552,"42073"
"Rd",488,"39067"
"Ln",625,"37003"
"Ave",695,"34009"
"Rd",1056,"33005"
"St",98,"27089"
"Rd",161,"51101"
"Rd",120,"08055"
"St",253,"48255"
"Rd",208,"47023"
"Rd",148,"17171"
"St",283,"49027"
"Dr",62,"49029"
"St",524,"48257"
"Rd",142,"04011"
"Dr",6213,"04013"
"Rd",425,"26129"
"Ln",453,"47087"
"St",192,"17159"
"Rd",732,"01009"
"Rd",84,"30051"
"St",156,"48131"
"Rd",134,"29173"
"Dr",688,"48251"
"Rd",142,"13061"
"Rd",549,"41023"
"Rd",725,"41011"
"St",93,"48159"
"Rd",918,"36113"
"Ln",193,"51113"
"Rd",630,"40005"
"St",279,"17129"
"Rd",366,"13015"
"Dr",1425,"12069"
"Rd",585,"40111"
"Ave",23,"38083"
"St",189,"18049"
"St",1211,"20091"
"Ct",547,"24009"
"Rd",609,"55129"
"Rd",504,"53031"
"Dr",284,"27169"
"Dr",382,"28149"
"St",156,"29003"
"Rd",357,"29139"
"St",363,"20021"
"Rd",442,"37083"
"Rd",578,"35043"
"Rd",743,"21051"
"Ln",709,"42035"
"St",415,"41043"
"Rd",313,"55065"
"Rd",313,"40147"
"Rd",520,"54077"
"Rd",708,"55135"
"St",58,"48137"
"Rd",382,"41037"
"Dr",81,"29153"
"Rd",387,"48473"
"Rd",507,"01099"
"Rd",315,"50009"
"Rd",242,"51111"
"Ave",51,"38097"
"Dr",1109,"13139"
"Rd",192,"13283"
"Rd",101,"13037"
"Rd",1042,"55125"
"Rd",137,"27007"
"Rd",414,"24019"
"Rd",732,"42037"
"Dr",517,"39023"
"Dr",262,"48323"
"Dr",3558,"04019"
"Rd",609,"35006"
"Rd",1241,"34005"
"Rd",909,"50021"
"Rd",239,"13099"
"Rd",564,"25007"
"St",46,"38049"
"St",98,"31179"
"St",45,"38045"
"Rd",46,"16023"
"Rd",935,"33007"
"St",27,"38043"
"St",135,"48273"
"Dr",787,"18127"
"Rd",451,"28101"
"Ln",1035,"37163"
"Rd",228,"47127"
"Dr",1778,"12103"
"St",127,"17065"
"Ln",223,"05105"
"St",53,"20023"
"Rd",564,"08029"
"St",234,"19185"
"St",77,"48165"
"Rd",496,"01093"
"Rd",1119,"37189"
"Rd",42,"51770"
"St",62,"48317"
"St",623,"48037"
"St",1138,"49057"
"St",289,"29127"
"Rd",1000,"36045"
"St",423,"19097"
"Ave",39,"38063"
"Rd",690,"36019"
"Rd",235,"08045"
"St",402,"29177"
"Rd",496,"39073"
"Rd",273,"01085"
"Rd",264,"13043"
"Rd",529,"19113"
"Rd",654,"06105"
"Dr",1050,"13215"
"Rd",250,"28135"
"Rd",186,"20005"
"St",69,"48003"
"Dr",422,"39109"
"St",412,"48375"
"Rd",323,"40133"
"Rd",1110,"45003"
"Rd",779,"06045"
"Ct",1150,"51550"
"St",309,"56037"
"St",41,"48169"
"Rd",392,"54031"
"Ct",449,"55089"
"Dr",1120,"47163"
"Rd",916,"45059"
"Rd",262,"56011"
"Rd",365,"55117"
"St",1953,"25013"
"Rd",259,"48055"
"St",165,"20029"
"Rd",384,"06027"
"Rd",191,"01037"
"St",196,"19059"
"Rd",825,"21095"
"St",175,"20061"
"Rd",1440,"42011"
"Rd",813,"47019"
"St",312,"27083"
"Ln",371,"51037"
"Rd",972,"47179"
"Rd",642,"45071"
"Ln",317,"51093"
"Rd",103,"41069"
"Ln",327,"29023"
"St",312,"22047"
"Rd",139,"28125"
"Ln",694,"51061"
"St",98,"51750"
"Ct",426,"32005"
"St",233,"12037"
"St",335,"18055"
"St",172,"18139"
"Dr",646,"55131"
"Dr",367,"29105"
"Rd",846,"42085"
"Rd",822,"05031"
"St",269,"29195"
"St",308,"17193"
"Rd",465,"17039"
"St",138,"32033"
"St",333,"27049"
"Rd",611,"37173"
"Dr",3159,"12101"
"St",479,"12119"
"Ave",1686,"36059"
"St",23,"38091"
"Dr",839,"18163"
"Dr",986,"29071"
"Ln",661,"37011"
"Rd",514,"54107"
"Rd",1200,"55007"
"Rd",389,"47161"
"Rd",353,"55097"
"Ct",1582,"45063"
"Ct",2449,"24003"
"St",426,"55039"
"Rd",207,"54101"
"Rd",199,"55061"
"St",58,"48369"
"Rd",126,"40151"
"Rd",414,"21063"
"Rd",1109,"25003"
"Ave",197,"29041"
"St",56,"08103"
"St",158,"08087"
"Rd",463,"41045"
"Ct",1393,"34023"
"St",220,"20167"
"St",163,"17155"
"St",82,"46055"
"Ln",310,"47111"
"Rd",427,"05023"
"St",210,"01109"
"Rd",144,"16003"
"St",2035,"25005"
"St",1083,"42107"
"Ave",64,"38103"
"Dr",945,"37045"
"Rd",478,"05059"
"Ct",1212,"24021"
"Rd",248,"17169"
"Rd",338,"06051"
"Rd",750,"06109"
"Rd",1027,"35013"
"Rd",258,"13081"
"St",297,"05027"
"St",28,"38039"
"Ct",1992,"06095"
"St",353,"19043"
"St",190,"48449"
"Rd",597,"54027"
"Rd",973,"37125"
"St",220,"20009"
"St",16,"38087"
"Rd",492,"22083"
"Ave",70,"31071"
"Rd",454,"22099"
"Rd",221,"01119"
"Rd",229,"01133"
"Ct",1637,"12117"
"Rd",549,"28035"
"Dr",841,"26065"
"St",648,"20177"
"St",85,"46061"
"Rd",911,"27061"
"St",53,"08073"
"Rd",732,"36053"
"Rd",663,"36115"
"Dr",890,"18081"
"St",154,"48445"
"Rd",146,"35021"
"Ln",716,"01121"
"Rd",427,"55067"
"St",64,"48155"
"St",228,"19021"
"St",204,"19129"
"Rd",124,"48385"
"Dr",1086,"39041"
"Dr",2094,"37067"
"Dr",334,"32510"
"St",399,"19049"
"St",92,"48065"
"Rd",293,"13261"
"St",123,"29223"
"Rd",1415,"45007"
"St",264,"56007"
"St",317,"30093"
"Rd",408,"17177"
"Rd",532,"26087"
"Rd",456,"22027"
"Rd",152,"28161"
"Rd",251,"26079"
"Rd",520,"22039"
"Rd",314,"47069"
"Rd",1694,"04003"
"Rd",257,"35023"
"St",22,"38023"
"Rd",4564,"06071"
"St",181,"08083"
"Ln",127,"28023"
"St",366,"19125"
"St",1011,"31055"
"Dr",71,"51600"
"Rd",108,"40057"
"Rd",633,"29039"
"Dr",484,"13059"
"Rd",314,"16085"
"St",143,"48275"
"St",140,"05103"
"Rd",436,"39037"
"Rd",311,"40071"
"St",57,"46041"
"Rd",476,"41057"
"Dr",599,"13077"
"Rd",813,"28127"
"Rd",487,"28131"
"Ct",4808,"06013"
"Rd",364,"47017"
"Ct",1460,"51087"
"Rd",419,"18119"
"Rd",2007,"36119"
"St",75,"29017"
"Rd",532,"54047"
"Rd",518,"54033"
"Rd",437,"37077"
"St",127,"31139"
"Rd",244,"13023"
"Rd",421,"13033"
"Ln",280,"17181"
"Rd",564,"17091"
"St",30,"38051"
"St",243,"31141"
"Rd",518,"37185"
"Rd",202,"13197"
"St",181,"46027"
"Rd",1467,"10005"
"Rd",270,"13159"
"St",262,"29175"
"St",631,"20015"
"Dr",952,"48209"
"St",128,"48325"
"Rd",446,"26105"
"Ln",1094,"45013"
"St",194,"46135"
"Dr",782,"55105"
"Dr",1061,"45077"
"Rd",170,"53013"
"St",306,"18023"
"St",361,"17027"
"St",141,"16067"
"Rd",424,"42113"
"Dr",1039,"28121"
"Ave",30,"48345"
"Rd",1199,"41039"
"St",533,"48485"
"St",418,"26155"
"St",128,"20089"
"St",161,"20123"
"St",449,"12007"
"Rd",322,"28091"
"Rd",601,"28039"
"Rd",419,"17085"
"Dr",478,"18059"
"St",85,"51620"
"Dr",423,"48329"
"St",71,"20171"
"Rd",293,"30013"
"Dr",121,"51660"
"St",734,"17199"
"Rd",716,"30029"
"St",78,"20189"
"Dr",918,"21067"
"Rd",154,"21091"
"St",209,"46013"
"Rd",278,"54001"
"Rd",519,"47181"
"St",86,"31013"
"Rd",781,"42097"
"St",519,"48469"
"St",74,"51530"
"Rd",476,"26147"
"St",103,"31173"
"Rd",589,"50015"
"Ln",740,"51067"
"Rd",338,"40011"
"Rd",608,"53037"
"St",277,"18135"
"Rd",208,"49025"
"Rd",208,"54093"
"Rd",448,"55023"
"St",291,"01071"
"St",316,"19123"
"Rd",651,"20045"
"Dr",342,"21059"
"Rd",264,"21197"
"Ln",745,"29097"
"Rd",248,"41061"
"Dr",999,"13151"
"St",26,"38001"
"Rd",281,"37137"
"Rd",509,"21083"
"St",1143,"42021"
"Rd",563,"47107"
"Dr",1449,"26093"
"St",711,"08001"
"St",825,"42069"
"Rd",357,"40123"
"Ave",592,"40037"
"St",161,"48457"
"Rd",247,"47175"
"Rd",565,"40125"
"Rd",269,"35053"
"Ln",250,"13003"
"Dr",2734,"12031"
"St",242,"48145"
"Rd",504,"05149"
"St",58,"20033"
"Dr",315,"21113"
"Rd",520,"21171"
"St",165,"40075"
"Ave",93,"46079"
"Rd",455,"37033"
"St",187,"48377"
"Dr",1157,"39057"
"Rd",144,"48489"
"St",116,"35028"
"St",843,"02122"
"Ln",1291,"01003"
"St",353,"19007"
"Rd",237,"51127"
"Rd",242,"13263"
"Rd",658,"36049"
"Rd",270,"54015"
"Rd",279,"18077"
"Rd",793,"51019"
"Rd",102,"35033"
"St",171,"31011"
"St",98,"29149"
"Ln",230,"47083"
"Rd",406,"42131"
"Rd",593,"37107"
"St",671,"18167"
"Dr",902,"18039"
"Ln",571,"51077"
"St",549,"48303"
"St",236,"27093"
"St",186,"39005"
"St",225,"31119"
"St",446,"12085"
"Dr",61,"08079"
"Rd",319,"13085"
"Rd",254,"13167"
"Rd",172,"05095"
"Rd",267,"29059"
"Rd",694,"51143"
"Rd",68,"02068"
"St",91,"20145"
"St",696,"20209"
"St",808,"12029"
"Rd",523,"26157"
"Rd",190,"02240"
"Ave",93,"20065"
"St",817,"22097"
"Rd",687,"47055"
"Dr",1516,"39095"
"St",524,"05093"
"Dr",410,"18043"
"St",54,"20129"
"Rd",233,"21081"
"Rd",425,"21217"
"Rd",286,"37075"
"Rd",743,"54045"
"Rd",121,"54073"
"Ln",278,"51071"
"Rd",771,"54019"
"Rd",903,"53061"
"Rd",532,"35015"
"Rd",35,"31117"
"St",139,"31145"
"Rd",69,"31149"
"Rd",311,"47085"
"St",269,"17125"
"Rd",332,"51197"
"Rd",310,"13303"
"Rd",1231,"53077"
"Rd",1313,"05143"
"Dr",696,"48213"
"Rd",483,"55035"
"Rd",415,"47153"
"Rd",459,"48471"
"Rd",1056,"04005"
"St",332,"20191"
"Rd",303,"26127"
"St",142,"27065"
"Rd",463,"39007"
"Rd",90,"06003"
"Dr",1371,"48167"
"Rd",130,"01011"
"St",409,"17105"
"Rd",301,"39135"
"Rd",491,"39079"
"Dr",13458,"48201"
"Rd",3816,"25017"
"St",77,"48115"
"Rd",599,"36069"
"Dr",294,"01001"
"St",340,"20121"
"Rd",376,"13091"
"Rd",516,"36023"
"Rd",304,"13039"
"Dr",1212,"26161"
"St",129,"18087"
"St",245,"48371"
"Rd",166,"13225"
"Dr",577,"13311"
"Rd",339,"13163"
"Ln",913,"55083"
"St",438,"48347"
"Rd",939,"44009"
"Rd",1382,"53047"
"Rd",1667,"53063"
"Rd",400,"55041"
"Rd",926,"55113"
"St",500,"34017"
"St",418,"39151"
"Dr",545,"48187"
"Ln",1083,"53029"
"Ln",585,"54037"
"Ct",2049,"51153"
"Rd",1828,"42029"
"Rd",856,"54055"
"Rd",604,"47145"
"Rd",906,"53009"
"Rd",907,"53065"
"St",244,"19177"
"St",22,"31073"
"Rd",394,"28095"
"Dr",1289,"12033"
"Dr",6997,"48439"
"Ct",2331,"24033"
"Dr",559,"51169"
"Rd",223,"48239"
"Rd",386,"40085"
"Rd",206,"13289"
"Ave",853,"39099"
"St",253,"01087"
"St",216,"17191"
"Ave",71,"48437"
"Ln",342,"29151"
"Dr",1295,"17089"
"Ct",1515,"06017"
"Rd",676,"45055"
"Ln",115,"37073"
"St",139,"08089"
"Rd",985,"41019"
"Rd",1311,"42089"
"Rd",126,"05101"
"St",62,"38019"
"Rd",148,"40103"
"St",68,"20063"
"St",187,"22077"
"St",325,"31067"
"Dr",709,"01115"
"Rd",471,"28123"
"Dr",335,"13095"
"Rd",114,"18061"
"Rd",1157,"16017"
"Ln",704,"13047"
"Rd",743,"22059"
"Rd",893,"23027"
"Ct",1247,"24027"
"Dr",4471,"49035"
"Ln",397,"12087"
"St",357,"39157"
"Rd",2615,"09110"
"Rd",850,"09120"
"Rd",1304,"09130"
"Rd",1437,"09140"
"Rd",903,"09150"
"Rd",1295,"09160"
"Rd",1538,"09170"
"Rd",1288,"09180"
"Rd",2444,"09190"
"Ave",1037,"36085"
"Rd",444,"39071"
"Rd",24,"27077"
"Rd",417,"16011"
"Ct",2407,"45045"
"Ave",135,"46085"
"Rd",536,"55121"
"St",515,"06113"
"St",33,"48431"
"St",122,"48495"
"Rd",56,"46071"
"Rd",307,"49041"
"Rd",85,"51036"
"Rd",430,"01023"
"Rd",558,"18083"
"St",185,"31047"
"Rd",204,"20057"
"St",111,"38105"
"Dr",157,"38017"
"St",58,"17069"
"Rd",29,"31005"
"St",217,"48163"
"St",407,"19103"
"St",183,"20133"
"Rd",663,"21089"
"Rd",288,"20107"
"Rd",199,"49017"
"St",76,"32011"
"St",20,"31085"
"Ave",62,"08095"
"Rd",54,"05013"
"Rd",592,"02090"
"Rd",306,"21101"
"Rd",420,"28051"
"Rd",469,"28105"
"Rd",285,"30027"
"Rd",637,"24023"
"Rd",582,"22119"
"Rd",380,"26059"
"Rd",682,"21141"
"Rd",335,"46033"
"Rd",1367,"33013"
"Rd",1819,"42133"
"Rd",857,"37161"
"St",90,"46005"
"Rd",172,"01043"
"Dr",747,"13097"
"St",89,"31097"
"Rd",152,"37187"
"Ave",50,"46075"
"Rd",439,"37007"
"Rd",64,"02100"
"St",41,"38007"
"St",134,"31003"
"Rd",296,"29073"
"Rd",546,"21031"
"Rd",349,"56005"
"Rd",213,"13211"
"St",144,"05037"
"St",197,"05107"
"St",352,"22093"
"Way",297,"06115"
"Dr",1165,"01117"
"Ln",84,"08091"
"St",275,"35009"
"Rd",195,"40149"
"Rd",920,"37135"
"St",165,"18131"
"Rd",395,"26019"
"Dr",1445,"36029"
"Ct",2432,"24031"
"Ct",62,"51685"
"St",266,"51013"
"Rd",597,"51035"
"Ct",2934,"29183"
"Dr",252,"06069"
"Ln",560,"24035"
"St",219,"20013"
"Rd",810,"13031"
"Rd",709,"21071"
"Rd",182,"30007"
"Rd",155,"13309"
"Rd",579,"37049"
"St",141,"29087"
"St",86,"48295"
"Rd",493,"41009"
"Rd",1113,"45041"
"Ave",53,"38061"
"Dr",1182,"49053"
"Rd",204,"30003"
"Rd",714,"42047"
"Rd",105,"31165"
"Rd",395,"28031"
"Rd",333,"18013"
"Dr",561,"18019"
"Rd",178,"21021"
"Rd",397,"21065"
"St",51,"48087"
"Rd",397,"48089"
"St",338,"17063"
"St",166,"27081"
"Rd",275,"13109"
"St",360,"48497"
"Rd",161,"02050"
"Rd",124,"13307"
"Rd",264,"13169"
"Ct",2530,"13135"
"St",405,"55095"
"Rd",375,"55045"
"Rd",980,"36079"
"Dr",573,"51700"
"St",54,"08011"
"St",246,"40065"
"Ln",433,"30089"
"Rd",23,"48173"
"Rd",286,"05047"
"Rd",142,"40093"
"Dr",1073,"47125"
"Rd",414,"53051"
"St",93,"38055"
"Rd",197,"41027"
"St",185,"19197"
"St",212,"48419"
"Rd",370,"29055"
"Rd",159,"51017"
"Rd",542,"27111"
"Ln",449,"22075"
"Rd",260,"28115"
"Rd",511,"22067"
"Dr",455,"21029"
"St",170,"01047"
"St",171,"48093"
"Rd",650,"30053"
"Rd",205,"27021"
"Ct",308,"08007"
"Rd",340,"28163"
"St",665,"55087"
"Rd",436,"29107"
"Rd",374,"37195"
"Rd",282,"39117"
"Rd",197,"30039"
"St",33,"38031"
"Rd",338,"05033"
"Dr",544,"48053"
"Rd",213,"29186"
"St",241,"48179"
"St",470,"17109"
"St",211,"19137"
"St",245,"05067"
"Rd",119,"48229"
"Rd",1193,"22079"
"Rd",549,"31111"
"St",273,"48067"
"Rd",491,"47079"
"St",120,"51840"
"Ln",831,"37061"
"Dr",1287,"37087"
"Ct",1096,"27037"
"Rd",320,"41025"
"Ct",215,"55001"
"St",157,"29045"
"Dr",632,"21015"
"Ln",169,"21229"
"Rd",388,"22009"
"Rd",328,"28137"
"St",103,"29227"
"St",112,"31163"
"Ave",60,"46021"
"Rd",74,"46063"
"St",293,"26057"
"St",261,"19175"
"Rd",162,"17127"
"St",18,"31113"
"Rd",126,"31121"
"St",111,"31161"
"Rd",84,"21039"
"Rd",518,"56025"
"Rd",361,"13321"
"Rd",466,"18109"
"Dr",767,"48139"
"Rd",380,"13229"
"St",537,"18053"
"Ln",592,"12035"
"Ln",318,"28077"
"Rd",703,"22127"
"St",576,"17073"
"St",684,"41041"
"Rd",1729,"23031"
"Ave",81,"46029"
"Rd",267,"13231"
"Rd",154,"13259"
"Ct",1456,"34025"
"St",295,"05021"
"Dr",966,"05045"
"Rd",1032,"40041"
"St",359,"19107"
"St",201,"17061"
"Rd",403,"27075"
"Rd",372,"13285"
"Rd",1119,"06023"
"Rd",711,"47043"
"St",223,"27003"
"St",173,"46009"
"Rd",686,"47059"
"Rd",165,"51183"
"Dr",1166,"18141"
"St",106,"38067"
"St",28,"46007"
"Rd",1202,"22115"
"Rd",1440,"23019"
"Rd",481,"24041"
"Rd",420,"13257"
"Dr",5804,"06065"
"Ln",765,"05005"
"St",136,"28007"
"St",370,"19169"
"St",297,"20011"
"Rd",196,"51049"
"Rd",728,"45085"
"Rd",118,"02164"
"Rd",544,"54109"
"St",2944,"06029"
"St",308,"48097"
"Rd",1098,"45075"
"Rd",196,"55119"
"St",261,"27099"
"Ave",133,"27101"
"St",2304,"44007"
"Rd",292,"29161"
"St",142,"28117"
"Rd",601,"21235"
"St",243,"18149"
"Dr",2071,"48491"
"St",242,"19131"
"Rd",488,"13107"
"Rd",390,"22025"
"Rd",424,"42025"
"St",88,"31133"
"Rd",625,"47171"
"Dr",1982,"45083"
"Rd",786,"55073"
"Dr",372,"32007"
"Rd",386,"54007"
"Rd",430,"26165"
"St",72,"48079"
"Ln",933,"42013"
"St",75,"29085"
"Rd",269,"29009"
"St",800,"27123"
"St",182,"05081"
"Dr",335,"32019"
"Ct",1938,"12071"
"Rd",520,"41033"
"Rd",412,"28113"
"Ln",529,"47031"
"Rd",540,"16059"
"Rd",357,"21183"
"St",665,"31153"
"Rd",539,"13071"
"Ave",82,"27167"
"St",471,"17157"
"Rd",1357,"23011"
"Ln",384,"51173"
"St",113,"35041"
"Rd",1253,"42111"
"Dr",566,"51191"
"Dr",2512,"37081"
"St",2194,"16001"
"Rd",273,"40039"
"St",283,"39101"
"St",459,"17149"
"St",401,"17203"
"Dr",881,"13245"
"Rd",499,"01107"
"Rd",174,"40045"
"Rd",406,"17145"
"St",168,"19075"
"Ln",194,"08107"
"Rd",885,"34035"
"Rd",248,"06011"
"Ln",237,"17087"
"St",28,"08053"
"Rd",204,"16031"
"St",44,"27059"
"Dr",917,"42049"
"Ln",414,"28029"
"Dr",629,"51161"
"Ln",966,"51015"
"Rd",62,"02060"
"Rd",102,"49031"
"Rd",140,"21161"
"St",53,"27009"
"St",175,"48129"
"Dr",710,"12005"
"Dr",434,"01077"
"St",277,"18045"
"St",290,"17173"
"St",315,"17051"
"St",228,"39127"
"St",334,"51590"
"Rd",300,"13011"
"Rd",515,"13305"
"Dr",2206,"40109"
"Rd",314,"40069"
"Rd",1289,"37099"
"Rd",396,"49043"
"Rd",452,"29167"
"St",103,"32015"
"St",243,"19191"
"Rd",176,"21023"
"Rd",352,"55037"
"Rd",234,"54087"
"Ave",119,"27159"
"St",136,"51670"
"Dr",1155,"17201"
"Dr",582,"04007"
"Dr",451,"24045"
"Rd",782,"21043"
"Ln",1755,"37097"
"Rd",336,"51083"
"Rd",269,"37091"
"Rd",530,"36057"
"Ave",83,"27113"
"Rd",795,"53073"
"Rd",112,"41021"
"Dr",1808,"34029"
"Ln",406,"05009"
"Rd",567,"40031"
"St",213,"48253"
"Ln",279,"48185"
"Dr",1711,"26049"
"St",277,"22007"
"St",137,"28013"
"Rd",487,"28041"
"St",116,"30017"
"St",109,"46109"
"Rd",491,"17141"
"St",59,"38077"
"St",552,"55005"
"Rd",423,"55051"
"St",260,"27157"
"Rd",219,"06015"
"Rd",331,"40127"
"Rd",735,"53007"
"Rd",325,"26141"
"Dr",1228,"40027"
"Rd",1676,"36105"
"Ln",459,"37149"
"Rd",300,"37165"
"Ln",1177,"37085"
"Dr",380,"37105"
"St",164,"18159"
"St",131,"20027"
"Ave",567,"40145"
"St",35,"30083"
"Rd",345,"05003"
"St",232,"05041"
"Rd",285,"47135"
"Dr",250,"27163"
"St",302,"51740"
"Rd",1352,"42051"
"Rd",154,"54023"
"Ln",429,"51171"
"Rd",103,"48235"
"Dr",232,"29025"
"St",784,"12107"
"Rd",317,"18025"
"St",274,"29111"
"Ln",41,"31075"
"Rd",106,"16071"
"St",278,"17139"
"Rd",422,"21107"
"Rd",262,"16035"
"Rd",787,"21013"
"Rd",856,"27035"
"Rd",277,"04009"
"St",179,"05123"
"Rd",181,"13101"
"Rd",105,"02070"
"St",76,"20105"
"St",104,"20183"
"Rd",320,"12065"
"Rd",275,"28005"
"Ln",362,"05097"
"St",646,"26025"
"St",77,"01029"
"Ct",715,"08123"
"Rd",233,"40009"
"Rd",606,"06049"
"Dr",888,"19153"
"Rd",379,"13179"
"Rd",344,"48349"
"St",121,"48047"
"Rd",610,"56021"
"Rd",110,"53003"
"St",64,"27155"
"St",266,"17017"
"Dr",96,"13247"
"Rd",448,"42067"
"Rd",500,"42083"
"Rd",288,"40049"
"St",124,"31021"
"St",325,"35045"
"Rd",320,"36073"
"Rd",474,"22031"
"Ave",2760,"06019"
"Rd",317,"13105"
"Rd",367,"01005"
"Rd",559,"37017"
"Ln",95,"48111"
"Dr",1036,"17167"
"Rd",361,"40035"
"Rd",719,"47035"
"Rd",352,"26137"
"St",220,"19161"
"Rd",152,"49015"
"Rd",683,"53019"
"Rd",58,"30109"
"Rd",430,"35027"
"Rd",997,"40021"
"St",118,"27173"
"St",447,"48231"
"St",161,"48335"
"St",331,"48499"
"Rd",484,"40113"
"Rd",796,"37039"
"Dr",320,"26107"
"Rd",695,"21195"
"Rd",317,"12067"
"Dr",913,"37035"
"Rd",530,"21025"
"Ln",20,"48075"
"St",100,"29181"
"St",703,"17179"
"Rd",99,"48243"
"St",64,"51678"
"Dr",417,"05135"
"Dr",2051,"08069"
"Rd",103,"37177"
"Ave",183,"27131"
"Dr",577,"29219"
"Rd",483,"21227"
"Dr",1114,"22017"
"St",83,"46121"
"St",332,"19127"
"St",125,"40141"
"Rd",1453,"37113"
"Rd",383,"54063"
"Rd",277,"18155"
"Rd",227,"21105"
"Rd",533,"01061"
"St",836,"17099"
"St",320,"19055"
"St",175,"20127"
"St",205,"19051"
"Rd",397,"16015"
"Ave",631,"55081"
"Rd",142,"37143"
"St",108,"12047"
"Dr",1576,"02170"
"Dr",452,"18035"
"St",508,"12075"
"St",678,"28045"
"Rd",274,"13315"
"Rd",229,"22081"
"Ln",2416,"47093"
"Rd",1633,"23017"
"St",1629,"29095"
"Rd",415,"13281"
"St",75,"28129"
"St",123,"16075"
"Rd",334,"16079"
"Rd",136,"37095"
"St",159,"19067"
"Dr",384,"21145"
"Rd",283,"21225"
"St",148,"46125"
"Way",860,"47029"
"Rd",320,"47067"
"Ln",557,"47071"
"Rd",643,"45067"
"Rd",1087,"22117"
"St",384,"29207"
"Rd",324,"13093"
"Rd",529,"27145"
"St",248,"31155"
"St",283,"48049"
"Rd",205,"54017"
"Rd",1147,"36009"
"Rd",28,"31009"
"St",244,"29001"
"Rd",439,"17137"
"Rd",281,"21143"
"Rd",1472,"22103"
"St",265,"19083"
"Rd",2217,"27137"
"Dr",831,"39093"
"St",293,"19015"
"Rd",810,"48373"
"St",110,"31051"
"Ct",1389,"24025"
"Rd",306,"45037"
"Rd",632,"21121"
"Rd",397,"26067"
"Dr",1144,"37129"
"Rd",631,"47131"
"Dr",537,"21035"
"Ln",819,"51003"
"Rd",605,"47147"
"Ln",338,"51043"
"Rd",131,"53023"
"Rd",577,"21109"
"Rd",255,"27031"
"Dr",2193,"45073"
"Dr",2426,"22033"
"Rd",189,"28021"
"Ln",1048,"24037"
"Dr",606,"26081"
"Dr",925,"37147"
"Rd",324,"30009"
"Rd",66,"31167"
"Rd",566,"13001"
"St",284,"19099"
"Dr",452,"28153"
"St",44,"48101"
"Rd",121,"51081"
"Dr",2369,"12105"
"Rd",340,"48503"
"Rd",740,"01123"
"Rd",1718,"33015"
"Rd",125,"08105"
"St",187,"19149"
"Rd",492,"36123"
"St",2381,"53033"
"Ln",951,"41017"
"St",496,"19155"
"Rd",307,"29229"
"Rd",216,"30101"
"Rd",639,"36107"
"St",142,"48287"
"Ct",1674,"13121"
"St",389,"48073"
"St",299,"29007"
"Ln",744,"45029"
"Rd",410,"55055"
"Rd",342,"05055"
"St",131,"48191"
"Rd",670,"55013"
"Rd",445,"35057"
"Rd",330,"53049"
"Rd",542,"37141"
"Ct",917,"48221"
"St",59,"46117"
"Ct",2570,"32031"
"Rd",199,"21007"
"Rd",233,"48009"
"Rd",131,"48023"
"St",100,"48405"
"Rd",104,"32029"
"Rd",122,"13249"
"Ln",176,"48313"
"Ct",1938,"06077"
"Rd",523,"28159"
"Rd",212,"21103"
"Rd",156,"21167"
"Ave",54,"31183"
"Rd",287,"21135"
"St",91,"27051"
"Rd",200,"28053"
"Rd",519,"01025"
"Rd",122,"20017"
"Rd",398,"21221"
"Rd",730,"01069"
"St",123,"46003"
"Rd",63,"02013"
"St",113,"31061"
"Rd",321,"24029"
"St",592,"20037"
"St",85,"27023"
"Rd",635,"46103"
"Rd",361,"45049"
"Rd",332,"16043"
"Rd",322,"13029"
"Rd",238,"51053"
"St",957,"12111"
"Dr",1972,"36055"
"St",364,"46083"
"St",659,"55017"
"Rd",152,"20207"
"Ln",552,"21157"
"Rd",278,"13065"
"Dr",573,"13185"
"St",16,"15005"
"Rd",496,"15007"
"Dr",3875,"26099"
"Rd",219,"13287"
"St",251,"17079"
"St",265,"48331"
"St",167,"18147"
"Rd",455,"21099"
"Rd",387,"21137"
"Rd",278,"30005"
"St",649,"51710"
"St",224,"48389"
"Rd",278,"51155"
"Dr",1123,"37179"
"Rd",95,"38053"
"Dr",788,"12091"
"Ct",3120,"06001"
"Rd",130,"17013"
"Ln",699,"18085"
"Rd",307,"28103"
"St",112,"05147"
"Ave",908,"34015"
"Rd",1808,"33011"
"Rd",220,"30045"
"Rd",455,"37121"
"Rd",279,"30077"
"St",315,"41053"
"Rd",589,"41065"
"Rd",90,"46105"
"St",200,"19173"
"Rd",687,"01129"
"St",256,"39039"
"Rd",659,"54025"
"St",450,"17121"
"Rd",267,"51051"
"Ln",135,"51007"
"Rd",169,"13243"
"Rd",377,"35029"
"Dr",2005,"48355"
"Rd",134,"56045"
"St",324,"17187"
"Dr",1426,"01089"
"Dr",671,"47189"
"St",88,"48063"
"Rd",185,"40067"
"Rd",205,"54085"
"St",326,"19145"
"St",242,"20087"
"St",639,"22045"
"St",79,"02158"
"Ln",930,"37133"
"St",255,"27043"
"Rd",404,"47057"
"St",183,"48161"
"Ln",752,"42087"
"Rd",431,"01041"
"St",148,"51520"
"St",188,"48399"
"Rd",107,"48443"
"St",46,"20153"
"St",89,"20193"
"Rd",403,"13161"
"St",211,"19035"
"Rd",774,"05145"
"St",265,"28083"
"Rd",160,"29053"
"Rd",329,"26043"
"Dr",2518,"17197"
"St",147,"48117"
"Ave",156,"46011"
"St",1019,"29047"
"Rd",271,"28027"
"Dr",292,"18011"
"St",375,"19057"
"St",655,"19163"
"Rd",150,"20143"
"Ct",612,"12023"
"Rd",345,"12059"
"Dr",1047,"28047"
"Dr",319,"47011"
"Rd",549,"27017"
"St",228,"48315"
"Rd",797,"36095"
"Rd",411,"40117"
"Rd",985,"36007"
"St",390,"48291"
"Rd",609,"39009"
"St",354,"39081"
"Rd",319,"54083"
"Rd",455,"54049"
"Rd",522,"34011"
"Rd",1075,"06057"
"Rd",1076,"55031"
"Rd",1197,"21199"
"Ln",502,"37065"
"St",225,"48241"
"St",87,"49001"
"Rd",339,"13213"
"St",267,"18075"
"Dr",483,"26117"
"Rd",1041,"36083"
"Ct",988,"12021"
"Rd",550,"35031"
"Rd",304,"13017"
"St",97,"05077"
"Rd",484,"12003"
"Rd",187,"13173"
"St",136,"20159"
"Rd",643,"01015"
"Rd",834,"28059"
"Dr",288,"21037"
"Rd",513,"21057"
"Rd",520,"28107"
"St",74,"48195"
"Rd",284,"48071"
"Rd",101,"13239"
"Rd",648,"48199"
"Rd",343,"39143"
"Rd",850,"23021"
"Rd",177,"17153"
"Rd",199,"40107"
"St",868,"26145"
"Rd",287,"35039"
"Rd",699,"50005"
"Rd",355,"51023"
"Dr",1329,"17119"
"Dr",5325,"48085"
"Rd",444,"45001"
"St",292,"31053"
"Dr",1600,"12115"
"St",139,"55077"
"Dr",2408,"04015"
"Rd",2179,"04025"
"Dr",2021,"45051"
"Rd",2381,"42091"
"Rd",191,"16061"
"Rd",13,"51720"
"Rd",1645,"34027"
"Rd",269,"29211"
"Rd",144,"20135"
"Dr",1626,"48039"
"St",281,"51790"
"St",130,"31029"
"Dr",2182,"39113"
"Rd",88,"48447"
"Rd",282,"13221"
"Rd",434,"05029"
"St",436,"29147"
"St",57,"38073"
"St",459,"26017"
"Cv",4103,"47157"
"Ln",1160,"06007"
"Rd",618,"27115"
"Dr",513,"48021"
"Rd",797,"53039"
"Ln",608,"53055"
"Ct",887,"55009"
"St",152,"20205"
"Rd",836,"22069"
"St",706,"22109"
"Rd",260,"13155"
"St",115,"02185"
"Rd",330,"26011"
"St",318,"19111"
"St",108,"20141"
"Rd",421,"26047"
"St",207,"19071"
"Rd",1256,"23015"
"Rd",358,"36099"
"Rd",1024,"21125"
"Ln",225,"47121"
"Rd",739,"29213"
"Rd",283,"13269"
"St",60,"51830"
"St",103,"48415"
"Rd",195,"08047"
"St",364,"40087"
"Ln",310,"54071"
"Rd",357,"51139"
"St",483,"40079"
"Rd",366,"54089"
"Dr",4441,"37119"
"St",832,"34013"
"St",314,"29115"
"Rd",173,"13209"
"Rd",89,"41055"
"Rd",271,"13133"
"Rd",31,"46017"
"St",61,"46095"
"Ave",638,"48135"
"St",339,"48293"
"St",610,"53027"
"Dr",840,"54003"
"Rd",338,"30067"
"Dr",3727,"48121"
"Rd",735,"45021"
"Rd",575,"37199"
"St",256,"48387"
"Rd",359,"48321"
"St",105,"27149"
"Rd",176,"13301"
"Rd",190,"48197"
"Dr",255,"17133"
"Rd",249,"13165"
"Rd",663,"21085"
"Rd",329,"48363"
"Rd",242,"13149"
"St",112,"01079"
"Rd",449,"28093"
"St",80,"20025"
"Ave",51,"20081"
"Rd",543,"22013"
"Dr",525,"13295"
"St",220,"19095"
"St",316,"31019"
"St",42,"40007"
"St",294,"19023"
"Dr",78,"30085"
"Rd",736,"53015"
"St",134,"48297"
"Rd",333,"29135"
"Rd",210,"51193"
"Rd",630,"37197"
"Ct",1090,"06047"
"Rd",124,"40043"
"Dr",666,"37023"
"Dr",837,"37191"
"Rd",482,"42123"
"Rd",358,"05061"
"Ln",474,"37059"
"Dr",1168,"37111"
"Rd",311,"05099"
"St",169,"08125"
"St",63,"48421"
"St",244,"48463"
"St",315,"39011"
"St",139,"19063"
"Rd",323,"20169"
"Rd",779,"21153"
"St",63,"48017"
"Dr",321,"29027"
"Rd",526,"56001"
"Rd",294,"56029"
"Rd",253,"42093"
"St",800,"36081"
"Rd",288,"12121"
"Rd",712,"26031"
"Rd",377,"26051"
"Dr",172,"21173"
"Rd",771,"45057"
"Rd",262,"21123"
"St",508,"19193"
"Rd",491,"12123"
"Rd",177,"17003"
"Dr",2198,"29099"
"Dr",608,"29113"
"St",827,"13051"
"Ln",188,"12125"
"Rd",422,"36037"
"St",153,"19041"
"Rd",62,"30025"
"St",125,"46107"
"Rd",91,"48109"
"Rd",2478,"23005"
"Rd",270,"48013"
"St",225,"20095"
"Ln",985,"13241"
"Rd",306,"54097"
"Rd",360,"29215"
"Dr",1905,"05119"
"St",208,"19047"
"Rd",457,"16005"
"Dr",523,"39055"
"Ave",1512,"06107"
"Rd",655,"36117"
"Ln",891,"51163"
"St",45,"38095"
"Rd",1210,"42045"
"St",485,"36063"
"Rd",822,"50003"
"Ct",912,"12019"
"Dr",5448,"37183"
"Dr",2179,"39061"
"Ave",1236,"34003"
"Rd",210,"32017"
"Rd",159,"02180"
"Rd",130,"30055"
"St",216,"19019"
"Ct",2262,"17043"
"Rd",264,"46047"
"Ave",101,"27069"
"Dr",234,"13219"
"Dr",182,"48493"
"St",178,"31059"
"St",297,"12079"
"St",386,"18153"
"Rd",251,"04012"
"Rd",293,"13027"
"Rd",79,"02016"
"St",71,"02150"
"St",141,"20185"
"Rd",196,"13271"
"Dr",639,"26115"
"St",263,"18181"
"St",349,"18113"
"Rd",333,"21139"
"Rd",196,"13201"
"Rd",561,"47103"
"Rd",249,"21211"
"St",152,"31185"
"Rd",608,"42001"
"Rd",211,"45005"
"Dr",2396,"47037"
"Rd",285,"49047"
"St",2127,"49049"
"St",376,"18021"
"St",822,"36047"
"Rd",793,"29141"
"St",151,"39075"
"St",79,"19143"
"St",133,"18079"
"Dr",263,"16083"
"Rd",431,"17165"
"St",1039,"26077"
"Rd",343,"45061"
"Rd",171,"56019"
"St",258,"18027"
"Dr",663,"26055"
"Rd",484,"22003"
"Ave",172,"46065"
"St",62,"46069"
"Rd",538,"45027"
"Rd",321,"30095"
"Rd",498,"47007"
"Rd",342,"21219"
"Rd",527,"47183"
"St",930,"29077"
"St",1360,"42077"
"St",149,"31159"
"Rd",524,"36015"
"Rd",472,"36121"
"Ct",1902,"06099"
"St",1126,"42095"
"Rd",718,"01103"
"Rd",686,"21027"
"Rd",387,"28043"
"Rd",266,"21213"
"Rd",160,"50013"
"Rd",548,"39029"
"Ln",489,"51125"
"Ct",1115,"12097"
"St",114,"05053"
"Rd",641,"13175"
"St",548,"36061"
"Ln",2508,"05007"
"Rd",1450,"12083"
"Rd",206,"51135"
"Rd",604,"34041"
"Rd",968,"36021"
"St",216,"51690"
"Rd",301,"40023"
"St",290,"20041"
"St",733,"48427"
"Dr",363,"13103"
"Rd",239,"40129"
"Ln",548,"55103"
"St",471,"35025"
"Rd",438,"01075"
"Rd",422,"47117"
"Ln",224,"51011"
"Rd",68,"05087"
"Rd",240,"56033"
"Dr",1055,"42041"
"Rd",732,"42055"
"St",1436,"42079"
"Rd",415,"26039"
"Dr",403,"01113"
"Rd",172,"39019"
"Ln",258,"51065"
"Ct",2004,"17097"
"Rd",504,"13195"
"St",135,"05039"
"St",24,"08057"
"St",95,"08063"
"Rd",276,"16073"
"St",322,"55141"
"Rd",868,"36013"
"Dr",2413,"13067"
"Rd",368,"47091"
"Rd",799,"39013"
"Rd",849,"51195"
"St",60,"29035"
"Rd",677,"40013"
"St",198,"31035"
"Pl",1371,"24017"
"St",196,"19033"
"St",241,"19073"
"Rd",506,"21205"
"Rd",207,"49055"
"Ln",653,"29031"
"Rd",485,"53071"
"St",264,"29133"
"Rd",314,"05025"
"Dr",6825,"48113"
"St",328,"18033"
"Rd",837,"22073"
"St",267,"22095"
"Ln",343,"22091"
"St",115,"29197"
"Rd",450,"01059"
"Rd",107,"21041"
"Rd",190,"08019"
"Rd",154,"48267"
"Rd",419,"26097"
"St",222,"48307"
"St",128,"28141"
"St",69,"48105"
"St",381,"48217"
"St",138,"08075"
"Rd",251,"20055"
"St",471,"20125"
"Rd",404,"45039"
"St",95,"31033"
"St",289,"27091"
"Way",1313,"47155"
"Rd",331,"47139"
"St",29,"48263"
"Rd",103,"30099"
"St",33,"31069"
"St",743,"17117"
"Rd",446,"39141"
"Rd",315,"17195"
"Dr",2820,"48141"
"St",10,"48301"
"Rd",394,"40077"
"Rd",699,"39167"
"St",246,"29091"
"Ave",91,"20047"
"Ct",2551,"21111"
"St",561,"17107"
"Rd",469,"55139"
"St",256,"20079"
"St",107,"30021"
"Rd",242,"54091"
"Dr",443,"26111"
"Rd",322,"28119"
"Ct",547,"21093"
"Rd",432,"17081"
"Ave",85,"46057"
"Rd",596,"55069"
"Rd",836,"36033"
"St",133,"51630"
"Ln",742,"54081"
"Rd",741,"35005"
"Rd",955,"35049"
"Dr",4439,"06059"
"Ct",630,"04023"
"Ln",294,"37053"
"St",142,"17101"
"Dr",324,"18067"
"St",204,"18125"
"Rd",492,"21047"
"Dr",508,"26045"
"St",385,"19179"
"Rd",831,"06025"
"St",469,"26027"
"Ln",188,"28157"
"Rd",26,"02282"
"St",28,"20179"
"Rd",484,"28079"
"Rd",327,"28025"
"Rd",214,"28037"
"Rd",107,"28099"
"Ave",114,"46045"
"Rd",289,"01035"
"Ln",421,"18029"
"St",233,"18071"
"Dr",622,"28081"
"Rd",164,"22125"
"Rd",408,"05035"
"Rd",675,"12063"
"St",45,"48125"
"Ln",214,"51115"
"St",35,"38075"
"St",143,"48283"
"Rd",1362,"36067"
"St",366,"19087"
"St",100,"31083"
"Rd",150,"30075"
"Ln",159,"55091"
"Rd",419,"04001"
"St",443,"29121"
"St",149,"48279"
"St",144,"20097"
"Rd",430,"48015"
"St",272,"29061"
"Rd",177,"13253"
"Rd",520,"26101"
"St",168,"19119"
"St",388,"48233"
"St",273,"40139"
"Rd",213,"40153"
"St",81,"19003"
"Dr",304,"06101"
"Rd",612,"42105"
"St",364,"48465"
"Ave",149,"20077"
"St",194,"19133"
"Rd",253,"49023"
"Rd",359,"40137"
"Rd",817,"36017"
"Ct",632,"17143"
"St",131,"19091"
"Ln",217,"31177"
"Rd",446,"55049"
"Rd",267,"27097"
"Dr",3879,"42003"
"St",155,"29205"
"Rd",199,"39097"
"St",155,"20201"
"Dr",971,"17019"
"Rd",173,"16087"
"St",368,"17045"
"Ave",41,"08121"
"St",294,"39065"
"Rd",326,"26113"
"St",44,"38093"
"St",90,"29203"
"Dr",1058,"48423"
"Ave",1391,"40143"
"Rd",547,"40091"
"Rd",338,"48395"
"Rd",492,"48171"
"Dr",4513,"26125"
"Rd",41,"38033"
"Rd",103,"56027"
"St",91,"27117"
"Dr",246,"51099"
"St",333,"53025"
"St",173,"27129"
"St",1037,"12001"
"Ave",23,"31091"
"Rd",318,"51147"
"Rd",422,"49007"
"Rd",1861,"42017"
"St",107,"46059"
"Rd",1193,"42081"
"Rd",409,"16057"
"Dr",182,"13237"
"St",93,"51640"
"St",126,"35037"
"St",14,"48269"
"St",165,"05073"
"St",548,"48451"
"Rd",370,"12049"
"Dr",999,"39025"
"St",71,"48501"
"St",703,"41071"
"St",249,"19115"
"St",132,"20049"
"Rd",513,"39121"
"St",307,"39137"
"St",57,"48425"
"St",661,"42075"
"Rd",252,"30035"
"Rd",175,"32027"
"Ave",90,"27087"
"Rd",749,"34031"
"Ln",596,"30047"
"Rd",18,"48261"
"Rd",22,"48033"
"Ln",235,"29157"
"St",143,"48411"
"Rd",137,"40073"
"St",200,"48051"
"Rd",511,"36035"
"Rd",425,"28133"
"Rd",1011,"27053"
"Rd",1025,"42027"
"St",320,"48025"
"Rd",428,"47077"
"St",310,"19171"
"St",101,"20175"
"St",170,"19135"
"St",140,"31147"
"St",472,"17021"
"Rd",645,"12089"
"Rd",544,"12133"
"Rd",200,"13007"
"St",442,"13275"
"Rd",158,"21005"
"Ct",370,"21185"
"Dr",1056,"13057"
"Ave",16,"38065"
"Rd",214,"26133"
"Rd",425,"47109"
"Rd",406,"53001"
"St",141,"29057"
"St",611,"22101"
"Rd",855,"50007"
"Pl",1098,"15009"
"St",913,"22057"
"St",382,"19139"
"Dr",1077,"12113"
"Rd",193,"18101"
"Rd",483,"21203"
"Rd",167,"21223"
"Rd",318,"13055"
"Dr",306,"45033"
"Ln",224,"37103"
"St",97,"29199"
"Rd",160,"20131"
"St",98,"20137"
"St",110,"31065"
"Rd",430,"13087"
"St",406,"18177"
"Rd",652,"21009"
"St",92,"31093"
"St",29,"38025"
"Rd",427,"06005"
"Rd",534,"47049"
"St",240,"20031"
"Rd",439,"26023"
"Rd",391,"51031"
"Rd",509,"39105"
"Rd",646,"54067"
"St",149,"40053"
"St",121,"46115"
"Rd",1418,"50027"
"Rd",459,"48455"
"Rd",670,"35001"
"Rd",289,"13205"
"St",1144,"15001"
"Rd",1133,"21147"
"Rd",260,"21191"
"Rd",152,"21215"
"Rd",139,"30041"
"St",124,"31175"
"St",98,"48069"
"Rd",560,"24043"
"Rd",561,"21133"
"Rd",426,"34033"
"St",442,"51680"
"Dr",930,"05125"
"Rd",395,"54053"
"Rd",155,"54021"
"Rd",247,"28063"
"Rd",36,"38079"
"Rd",64,"30103"
"Ln",176,"21049"
"Dr",614,"26005"
"Rd",392,"47005"
"St",214,"27015"
"Rd",290,"47137"
"Rd",370,"51109"
"St",248,"18145"
"Dr",4454,"39049"
"Rd",232,"49021"
"Rd",63,"32009"
"Rd",147,"26083"
"Rd",208,"49039"
"St",56,"20093"
"Dr",1820,"12009"
"Dr",742,"18105"
"St",196,"19117"
"Rd",132,"21239"
"Rd",386,"45053"
"Rd",213,"48043"
"Rd",307,"45065"
"Rd",445,"45087"
"St",174,"27103"
"Rd",822,"55075"
"St",1225,"53011"
"Rd",605,"55099"
"St",301,"18103"
"St",125,"20053"
"Rd",279,"22123"
"Rd",234,"12077"
"Rd",91,"20083"
"St",107,"20119"
"Rd",177,"21149"
"Rd",363,"28001"
"Rd",601,"28057"
"Dr",278,"21073"
"Rd",1718,"23009"
"Rd",832,"23013"
"Dr",417,"13217"
"St",93,"46049"
"Rd",611,"26061"
"Rd",171,"30061"
"Ln",783,"47051"
"Rd",301,"22029"
"Dr",795,"22063"
"Rd",2046,"25009"
"Rd",230,"46019"
"Ct",1305,"08035"
"Rd",1950,"45079"
"St",665,"18095"
"Rd",295,"40099"
"Ln",210,"54009"
"Rd",176,"54013"
"Ln",101,"51021"
"Dr",731,"30111"
"Rd",437,"54043"
"Rd",910,"06033"
"Rd",234,"13131"
"St",110,"08021"
"Rd",422,"49037"
"St",207,"18133"
"Rd",79,"16047"
"Rd",437,"47167"
"Ln",191,"22121"
"St",145,"29171"
"Rd",532,"56039"
"Rd",492,"55043"
"Ave",126,"38059"
"Rd",134,"37041"
"Dr",2091,"37021"
"Rd",465,"06063"
"St",281,"51730"
"Rd",1101,"50023"
"Rd",317,"46093"
"Dr",3287,"18097"
"St",230,"05017"
"Dr",894,"13021"
"Ln",613,"05115"
"Rd",205,"51175"
"St",885,"48183"
"Ct",790,"36087"
"Ln",625,"05089"
"Ct",322,"51800"
"Dr",2562,"08041"
"Dr",569,"29187"
"St",185,"48475"
"St",55,"08061"
"St",142,"48487"
"Rd",308,"41015"
"Dr",301,"08119"
"St",312,"29049"
"Dr",222,"49051"
"Rd",241,"16029"
"Rd",974,"37157"
"Rd",486,"05117"
"Rd",535,"05011"
"St",159,"48193"
"Rd",334,"24011"
"St",123,"27041"
"Rd",349,"30043"
"Ct",4545,"51059"
"Rd",119,"30023"
"Ln",749,"47001"
"St",273,"39077"
"Rd",321,"13005"
"Dr",976,"10001"
"Rd",507,"39173"
"Rd",532,"13157"
"Rd",276,"20003"
"St",471,"17095"
"Rd",119,"30107"
"Ln",409,"47015"
"Rd",1088,"23007"
"Rd",326,"21165"
"Ave",88,"46089"
"Rd",186,"08051"
"Rd",486,"26029"
"St",134,"27151"
"St",311,"39147"
"Rd",670,"13267"
"St",100,"48429"
"Rd",321,"37117"
"Ln",793,"30081"
"Rd",213,"13317"
"Rd",469,"53043"
"Ave",1087,"06081"
"St",99,"08009"
"Rd",341,"16021"
"Rd",170,"16007"
"Rd",292,"39159"
"Dr",2336,"39035"
"St",313,"48285"
"Rd",183,"40105"
"Rd",151,"13125"
"Rd",964,"41059"
"Rd",192,"46102"
"St",190,"20117"
"St",174,"22065"
"Rd",357,"30105"
"Dr",766,"13313"
"St",70,"20203"
"Ave",129,"46023"
"St",151,"31027"
"Ln",755,"53035"
"Dr",1225,"17111"
"Rd",45,"30069"
"St",162,"29033"
"Rd",695,"53075"
"St",121,"27147"
"St",149,"31169"
"Rd",302,"47033"
"St",189,"19079"
"Dr",1080,"39165"
"Rd",347,"13255"
"Rd",901,"34019"
"Rd",626,"29217"
"Rd",188,"18121"
"St",158,"19069"
"Rd",285,"13035"
"Cir",206,"08039"
"St",252,"44001"
"St",196,"48035"
"St",409,"44005"
"Dr",444,"39045"
"St",27,"38069"
"St",279,"17015"
"Ave",31,"27125"
"Rd",502,"41031"
"Rd",453,"47021"
"St",209,"46127"
"Rd",713,"01051"
"Rd",492,"13187"
"Rd",455,"39083"
"St",203,"19017"
"Rd",158,"48175"
"Dr",1649,"37089"
"Dr",372,"12061"
"Rd",57,"48393"
"St",38,"31049"
"Rd",602,"36051"
"St",191,"19141"
"St",187,"48059"
"St",36,"48379"
"Ave",69,"20067"
"Dr",700,"51105"
"Rd",371,"35051"
"Rd",241,"05043"
"St",79,"31123"
"Rd",505,"29015"
"Rd",484,"05109"
"Ct",1019,"08077"
"St",118,"29065"
"Rd",682,"51185"
"Rd",930,"42103"
"Rd",946,"42115"
"St",199,"48343"
"Rd",1204,"42125"
"Rd",622,"50001"
"St",533,"20103"
"St",632,"26121"
"Rd",107,"02066"
"Rd",102,"02063"
"Dr",1229,"28049"
"St",172,"48281"
"Ct",1491,"51107"
"Rd",425,"29185"
"Rd",1434,"36025"
"Rd",148,"30071"
"St",197,"29129"
"Rd",673,"53045"
"Rd",717,"37127"
"Dr",301,"51199"
"Rd",446,"29159"
"Rd",592,"30063"
"St",154,"20019"
"Rd",599,"48459"
"Ln",550,"51047"
"Rd",267,"40061"
"St",245,"54069"
"Ln",695,"54065"
"Ln",840,"51165"
"St",171,"18183"
"Rd",851,"06093"
"Ave",143,"46037"
"St",1022,"22071"
"Dr",2332,"01073"
"Rd",1061,"01127"
"Rd",180,"29063"
"Rd",586,"12039"
"Rd",216,"13083"
"Dr",1337,"28033"
"Rd",413,"51187"
"St",140,"17047"
"Dr",651,"47113"
"Dr",181,"01111"
"Rd",770,"37009"
"St",43,"08033"
"Dr",656,"39089"
"Ct",182,"51683"
"Rd",428,"05139"
"St",177,"17071"
"Dr",1008,"01101"
"St",598,"08005"
"Rd",317,"21155"
"Ln",787,"53057"
"Rd",1083,"28067"
"Rd",633,"55021"
"Dr",558,"37019"
"Rd",118,"27029"
"Ln",258,"51131"
"St",110,"20163"
"St",150,"18041"
"St",318,"31079"
"Rd",141,"31081"
"Rd",36,"31115"
"Rd",180,"30091"
"St",75,"31063"
"Rd",258,"01007"
"Rd",607,"28075"
"Ave",126,"27011"
"St",483,"27013"
"Rd",86,"51091"
"Ln",874,"51177"
"Rd",657,"33017"
"Dr",856,"13153"
"Rd",417,"26041"
"St",599,"05131"
"Rd",822,"06087"
"Rd",259,"13191"
"Rd",280,"13207"
"St",485,"29069"
"St",146,"48483"
"Dr",1041,"13117"
"St",384,"48409"
"Rd",487,"28147"
"St",155,"29137"
"Dr",296,"26073"
"St",92,"48341"
"Ln",256,"45017"
"Rd",323,"56035"
"Rd",266,"21069"
"Rd",363,"55019"
"Rd",1297,"45091"
"St",231,"18001"
"Rd",936,"22005"
"Ln",355,"42119"
"Ct",1616,"51041"
"Rd",481,"22001"
"Rd",927,"42039"
"St",152,"46123"
"St",237,"19077"
"St",229,"19183"
"St",82,"46111"
"Rd",448,"40051"
"Dr",1194,"54039"
"St",458,"55109"
"Rd",647,"42121"
"Dr",2154,"39153"
"Dr",499,"13127"
"Dr",704,"48479"
"Dr",393,"37123"
"Rd",1318,"23003"
"Rd",323,"28065"
"Rd",511,"18175"
"Rd",302,"48031"
"Rd",231,"51025"
"Rd",401,"47045"
"Rd",586,"47053"
"Dr",206,"51149"
"St",302,"05075"
"Ave",9,"38027"
"St",890,"53053"
"St",95,"16063"
"Rd",1579,"42071"
"Rd",468,"55057"
"Rd",402,"47151"
"St",58,"46031"
"St",157,"46053"
"Ln",487,"37181"
"Rd",389,"21033"
"Rd",332,"45011"
"Rd",332,"47039"
"St",177,"18009"
"Rd",759,"01055"
"Rd",82,"16025"
"St",446,"20155"
"Rd",544,"47119"
"Rd",99,"56015"
"Rd",445,"55107"
"Dr",1870,"55133"
"Rd",212,"21079"
"Rd",2172,"25021"
"Dr",1020,"18063"
"Rd",775,"17077"
"Dr",629,"45043"
"St",34,"38041"
"Rd",157,"49019"
"Rd",769,"49045"
"Dr",500,"51650"
"Rd",447,"55011"
"Ln",608,"51069"
"Rd",314,"54041"
"St",193,"27119"
"St",260,"27127"
"Dr",343,"47047"
"St",233,"22089"
"Rd",288,"05111"
"Rd",271,"12045"
"Dr",454,"47063"
"St",135,"01021"
"Rd",102,"48351"
"St",142,"48219"
"Rd",207,"13009"
"Rd",813,"37175"
"Ln",1700,"37171"
"St",311,"01031"
"Rd",265,"39149"
"Ave",747,"16027"
"Rd",182,"30019"
"Dr",1299,"12073"
"St",427,"40119"
"Rd",817,"01039"
"Rd",482,"18093"
"St",102,"20069"
"Rd",507,"21045"
"Rd",501,"21169"
"Rd",591,"21207"
"Rd",1200,"22011"
"Rd",1176,"23025"
"Rd",305,"40025"
"Rd",378,"21163"
"Rd",221,"21179"
"Rd",217,"21187"
"St",239,"29155"
"St",132,"31125"
"Rd",194,"55078"
"St",190,"48365"
"St",354,"48001"
"Rd",250,"51033"
"St",147,"19167"
"St",139,"06021"
"Ave",667,"29510"
"Rd",723,"13111"
"St",131,"46051"
"St",83,"46091"
"St",129,"53067"
"St",152,"31107"
"Rd",746,"35061"
"Rd",62,"30079"
"Rd",250,"19005"
"St",1226,"48061"
"Dr",2908,"48339"
"St",199,"08071"
"Dr",282,"48299"
"Rd",225,"48319"
"Ln",236,"37043"
"Rd",1690,"36071"
"Rd",443,"36093"
"Rd",326,"54059"
"Rd",312,"20197"
"Rd",251,"27055"
"Rd",147,"21181"
"Rd",1851,"25023"
"Ave",549,"36005"
"Rd",394,"37055"
"Dr",867,"39103"
"Rd",1059,"42005"
"Ave",1552,"34001"
"Rd",494,"55071"
"Rd",618,"55029"
"Rd",576,"37047"
"Rd",587,"39053"
"St",486,"48441"
"Ave",144,"51570"
"St",180,"39031"
"St",43,"31135"
"Rd",55,"48205"
"Dr",198,"08049"
"St",342,"48249"
"St",157,"19189"
"Rd",1295,"06079"
"Dr",119,"01067"
"St",179,"39175"
"St",112,"48505"
"Dr",161,"13177"
"St",378,"21019"
"Dr",322,"27019"
"St",125,"31037"
"Rd",823,"45025"
"Rd",370,"47101"
"Ct",1707,"41067"
"Ct",2413,"51810"
"Rd",361,"30057"
"Ln",310,"51103"
"St",246,"29013"
"Rd",906,"33001"
"Rd",118,"51159"
"Ave",23,"02230"
"Rd",43,"02105"
"Rd",392,"53021"
"St",132,"19093"
"St",2194,"20173"
"Dr",4619,"48453"
"Dr",4243,"12057"
"Ave",876,"34021"
"St",161,"31023"
"Ln",2095,"42129"
"Ave",1563,"12015"
"St",208,"19029"
"Rd",308,"39107"
"Rd",391,"21115"
"St",850,"44003"
"Rd",1228,"50025"
"Rd",692,"50019"
"Rd",176,"20085"
"Rd",522,"22041"
"Rd",297,"28155"
"Rd",986,"25011"
"Rd",144,"31031"
"Rd",275,"30001"
"St",281,"29143"
"Rd",386,"05057"
"Dr",1287,"29029"
"Rd",449,"51117"
"Rd",306,"21233"
"Rd",380,"40047"
"Rd",621,"53059"
"Dr",434,"26091"
"Rd",589,"13123"
"Ave",167,"27135"
"Dr",582,"28089"
"St",274,"48227"
"Rd",576,"54099"
"Rd",878,"01095"
"St",289,"27141"
"St",183,"46035"
"Ln",625,"47025"
"Rd",447,"48337"
"Dr",690,"55101"
"Rd",470,"55115"
"St",137,"19009"
"St",67,"48207"
"Rd",425,"40083"
"Rd",1305,"36065"
"Dr",72,"08065"
"Rd",812,"40121"
"Rd",112,"54105"
"Rd",1572,"33003"
"Rd",166,"54095"
"St",274,"27079"
"Rd",309,"53017"
"Rd",681,"55027"
"St",303,"19105"
"Rd",185,"20007"
"Ln",409,"29169"
"St",325,"01045"
"Ave",48,"20109"
"Rd",485,"06039"
"St",307,"29075"
"Rd",159,"49009"
"Rd",240,"56031"
"Dr",1430,"37071"
"Rd",207,"35019"
"Rd",97,"30037"
"Dr",1203,"37101"
"Ct",5219,"06085"
"Rd",1671,"45019"
"St",625,"53005"
"Dr",315,"39043"
"Rd",801,"17183"
"Dr",6484,"29189"
"Dr",216,"17007"
"Rd",538,"06103"
"Rd",1628,"55025"
"St",94,"48151"
"Rd",619,"22085"
"Rd",238,"13235"
"Rd",248,"37015"
"Rd",674,"37167"
"Ln",537,"47143"
"Rd",235,"37079"
"Rd",398,"21131"
"Rd",356,"24039"
"St",199,"17123"
"St",102,"48095"
"Rd",153,"48081"
"Ln",521,"47133"
"Rd",403,"26063"
"Rd",422,"26069"
"Rd",763,"13069"
"Rd",404,"13299"
"Ave",36,"38037"
"St",1146,"22051"
"Rd",294,"22023"
"Rd",302,"39027"
"Ln",504,"51001"
"Rd",246,"55015"
"St",120,"21075"
